,id,symbol,name,image,current_price,market_cap,market_cap_rank,fully_diluted_valuation,total_volume,high_24h,low_24h,price_change_24h,price_change_percentage_24h,market_cap_change_24h,market_cap_change_percentage_24h,circulating_supply,total_supply,max_supply,ath,ath_change_percentage,ath_date,atl,atl_change_percentage,atl_date,roi,last_updated
0,bitcoin,btc,Bitcoin,https://coin-images.coingecko.com/coins/images/1/large/bitcoin.png?1696501400,118927.0,2367364549487,1,2367368356568,39443484104.0,119754.0,118094.0,833.29,0.70562,19201479639.0,0.81772,19898618.0,19898650.0,21000000.0,122838.0,-3.17335,2025-07-14T07:56:01.937Z,67.81,175304.30848,2013-07-06T00:00:00.000Z,,2025-07-28T12:55:57.106Z
1,ethereum,eth,Ethereum,https://coin-images.coingecko.com/coins/images/279/large/ethereum.png?1696501628,3881.57,468965866791,2,468965866791,33736361521.0,3936.94,3802.27,54.4,1.4213,8365024702.0,1.81611,120710895.7118681,120710895.7118681,,4878.26,-20.33848,2021-11-10T14:24:19.604Z,0.432979,897425.68312,2015-10-20T00:00:00.000Z,"{'times': 42.64814635330088, 'currency': 'btc', 'percentage': 4264.814635330088}",2025-07-28T12:55:58.341Z
2,ripple,xrp,XRP,https://coin-images.coingecko.com/coins/images/44/large/xrp-symbol-white-128.png?1696501442,3.23,191772250679,3,323677173527,6062305441.0,3.32,3.17,0.050131,1.57447,3294022003.0,1.74769,59239646627.0,99985901574.0,100000000000.0,3.65,-11.17151,2025-07-18T03:40:53.808Z,0.00268621,120479.79302,2014-05-22T00:00:00.000Z,,2025-07-28T12:55:54.510Z
3,tether,usdt,Tether,https://coin-images.coingecko.com/coins/images/325/large/Tether.png?1696501661,0.999974,163591092303,4,163591092303,96942524660.0,1.0,0.999952,-0.000300547923803185,-0.03005,-26990735.436645508,-0.0165,163595317967.1743,163595317967.1743,,1.32,-24.42201,2018-07-24T00:00:00.000Z,0.572521,74.66065,2015-03-02T00:00:00.000Z,,2025-07-28T12:55:55.304Z
4,binancecoin,bnb,BNB,https://coin-images.coingecko.com/coins/images/825/large/bnb-icon2_2x.png?1696501970,855.4,119126629330,5,119126629330,3494751186.0,858.34,794.35,59.83,7.52045,8313438319.0,7.50221,139288559.42,139288559.42,200000000.0,858.34,-0.46304,2025-07-28T09:36:43.658Z,0.0398177,2145587.43636,2017-10-19T00:00:00.000Z,,2025-07-28T12:55:57.179Z
5,solana,sol,Solana,https://coin-images.coingecko.com/coins/images/4128/large/solana.png?1718769756,192.96,103718734617,6,116880390056,9889152527.0,194.21,185.39,6.69,3.59332,3373900138.0,3.36231,537922279.9189745,606183310.3605288,,293.31,-34.27863,2025-01-19T11:15:27.957Z,0.500801,38392.0487,2020-05-11T19:35:23.449Z,,2025-07-28T12:55:55.219Z
6,usd-coin,usdc,USDC,https://coin-images.coingecko.com/coins/images/6319/large/usdc.png?1696506694,0.999811,64207168281,7,64207365775,12367783409.0,0.999907,0.999705,-4.9013189681202e-05,-0.0049,-75099604.81113434,-0.11683,64221144651.67708,64221342189.6356,,1.17,-14.74689,2019-05-08T00:40:28.300Z,0.877647,13.91469,2023-03-11T08:02:13.981Z,,2025-07-28T12:55:57.460Z
7,dogecoin,doge,Dogecoin,https://coin-images.coingecko.com/coins/images/5/large/dogecoin.png?1696501409,0.242174,36388150809,8,36397603643,2940417844.0,0.247676,0.235198,0.00504905,2.12928,864921586.0,2.43481,150243776383.7052,150282806383.7051,,0.731578,-66.85632,2021-05-08T05:08:23.458Z,8.69e-05,278911.99103,2015-05-06T00:00:00.000Z,,2025-07-28T12:55:58.066Z
8,staked-ether,steth,Lido Staked Ether,https://coin-images.coingecko.com/coins/images/13442/large/steth_logo.png?1696513206,3873.49,34781855044,9,34777367730,72463686.0,3932.99,3802.76,51.37,1.34404,336847417.0,0.97793,8979460.828982772,8978302.361149522,,4829.57,-19.63191,2021-11-10T14:40:47.256Z,482.9,703.78212,2020-12-22T04:08:21.854Z,,2025-07-28T12:55:54.037Z
9,tron,trx,TRON,https://coin-images.coingecko.com/coins/images/1094/large/tron-logo.png?1696502193,0.326063,30862009481,10,30862004825,1529174891.0,0.326059,0.319361,0.00410066,1.27364,363719596.0,1.19259,94727216750.43513,94727202461.32867,,0.431288,-24.52426,2024-12-04T00:10:40.323Z,0.00180434,17940.82324,2017-11-12T00:00:00.000Z,"{'times': 170.61233685220154, 'currency': 'usd', 'percentage': 17061.23368522015}",2025-07-28T12:55:54.966Z
10,cardano,ada,Cardano,https://coin-images.coingecko.com/coins/images/975/large/cardano.png?1696502090,0.831707,30084310137,11,37426363107,1415195029.0,0.853571,0.816087,0.01045638,1.27323,405672270.0,1.36688,36172201725.55295,45000000000.0,45000000000.0,3.09,-73.03703,2021-09-02T06:00:10.474Z,0.01925275,4223.13859,2020-03-13T02:22:55.044Z,,2025-07-28T12:55:57.543Z
11,wrapped-steth,wsteth,Wrapped stETH,https://coin-images.coingecko.com/coins/images/18834/large/wstETH.png?1696518295,4686.25,15319624162,12,15320125344,81330284.0,4759.39,4590.38,64.89,1.40417,293448363.0,1.95291,3264223.500540886,3264330.289816006,,7256.02,-35.35,2022-05-13T15:09:54.509Z,558.54,739.87118,2022-05-13T01:36:45.053Z,,2025-07-28T12:55:55.450Z
12,wrapped-bitcoin,wbtc,Wrapped Bitcoin,https://coin-images.coingecko.com/coins/images/7598/large/wrapped_bitcoin_wbtc.png?1696507857,118660.0,15051833648,13,15051833648,161318428.0,119690.0,118048.0,612.5,0.51886,-168801446.09574127,-1.10903,126850.89873878,126850.89873878,126850.89873878,122745.0,-3.25681,2025-07-14T08:00:59.938Z,3139.17,3682.75685,2019-04-02T00:00:00.000Z,,2025-07-28T12:55:55.602Z
13,hyperliquid,hype,Hyperliquid,https://coin-images.coingecko.com/coins/images/50882/large/hyperliquid.jpg?1729431300,44.4,14807473102,14,44371754014,296199678.0,44.84,42.48,1.58,3.68111,521687086.0,3.65179,333601832.0,999664043.0,1000000000.0,49.75,-10.82276,2025-07-14T05:06:23.602Z,3.81,1064.90642,2024-11-29T09:30:30.871Z,,2025-07-28T12:55:58.873Z
14,sui,sui,Sui,https://coin-images.coingecko.com/coins/images/26375/large/sui-ocean-square.png?1727791290,4.2,14499444969,15,41966370357,2577902048.0,4.43,4.2,-0.17925712777307456,-4.09304,-626833232.95994,-4.144,3455015252.817221,10000000000.0,10000000000.0,5.35,-20.79554,2025-01-04T22:56:18.063Z,0.364846,1060.68603,2023-10-19T10:40:30.078Z,,2025-07-28T12:55:54.823Z
15,stellar,xlm,Stellar,https://coin-images.coingecko.com/coins/images/100/large/fmpFRHHQ_400x400.jpg?1735231350,0.438462,13665588463,16,21924087464,370317142.0,0.45236,0.436951,-3.3664114326815e-05,-0.00768,8890033.0,0.0651,31166808799.63569,50001786892.81763,50001786892.81763,0.875563,-49.78233,2018-01-03T00:00:00.000Z,0.00047612,92247.34245,2015-03-05T00:00:00.000Z,,2025-07-28T12:55:54.559Z
16,chainlink,link,Chainlink,https://coin-images.coingecko.com/coins/images/877/large/chainlink-new-logo.png?1696502009,19.03,12901040157,17,19025277568,622347606.0,19.52,18.7,0.260525,1.38825,203145000.0,1.59983,678099970.4527868,1000000000.0,1000000000.0,52.7,-63.82093,2021-05-10T00:13:57.214Z,0.148183,12765.92443,2017-11-29T00:00:00.000Z,,2025-07-28T12:55:57.574Z
17,wrapped-beacon-eth,wbeth,Wrapped Beacon ETH,https://coin-images.coingecko.com/coins/images/30061/large/wbeth-icon.png?1696528983,4173.25,12369981522,18,12369981522,19669541.0,4225.86,4089.92,71.54,1.74418,215909067.0,1.77643,2964097.608025484,2964097.608025484,,4317.06,-3.26581,2024-12-16T18:47:35.876Z,1501.6,178.108,2025-04-09T03:57:40.245Z,,2025-07-28T12:55:55.201Z
18,hedera-hashgraph,hbar,Hedera,https://coin-images.coingecko.com/coins/images/3688/large/hbar.png?1696504364,0.281958,11956169353,19,14101694181,563495747.0,0.294597,0.282062,-0.002103144669759083,-0.74039,-62758735.001363754,-0.52217,42392669987.56715,50000000000.0,50000000000.0,0.569229,-50.28971,2021-09-15T10:40:28.318Z,0.00986111,2769.50809,2020-01-02T17:30:24.852Z,,2025-07-28T12:55:59.228Z
19,bitcoin-cash,bch,Bitcoin Cash,https://coin-images.coingecko.com/coins/images/780/large/bitcoin-cash-circle.png?1696501932,587.56,11683844511,20,11683895876,773752946.0,604.99,577.64,-12.899682341033667,-2.1483,-261161827.63725471,-2.18637,19903499.89665078,19903587.39665078,21000000.0,3785.82,-84.54799,2017-12-20T00:00:00.000Z,76.93,660.36498,2018-12-16T00:00:00.000Z,,2025-07-28T12:55:57.267Z
20,avalanche-2,avax,Avalanche,https://coin-images.coingecko.com/coins/images/12559/large/Avalanche_Circle_RedWhite_Trans.png?1696512369,27.21,11491231909,21,12443745372,1063274216.0,27.27,24.92,2.22,8.86534,910411361.0,8.60435,422276596.0335201,457279296.0335201,720000000.0,144.96,-81.21665,2021-11-21T14:18:56.538Z,2.8,872.07959,2020-12-31T13:15:21.540Z,,2025-07-28T12:55:56.723Z
21,wrapped-eeth,weeth,Wrapped eETH,https://coin-images.coingecko.com/coins/images/33033/large/weETH.png?1701438396,4154.85,10876400298,22,10876400298,32295622.0,4219.55,4076.88,54.04,1.31772,147035505.0,1.3704,2618829.080185513,2618829.080185513,,4311.81,-3.43083,2024-12-06T20:32:25.758Z,1505.24,176.62652,2025-04-09T03:45:31.391Z,,2025-07-28T12:55:55.653Z
22,weth,weth,WETH,https://coin-images.coingecko.com/coins/images/2518/large/weth.png?1696503332,3876.87,8857260377,23,8857260377,71948926.0,3936.77,3806.99,51.38,1.34299,75281014.0,0.85722,2284562.823773765,2284562.823773765,,4799.89,-19.03277,2021-11-09T00:00:00.000Z,82.1,4633.47009,2018-12-15T00:00:00.000Z,,2025-07-28T12:55:56.161Z
23,litecoin,ltc,Litecoin,https://coin-images.coingecko.com/coins/images/2/large/litecoin.png?1696501400,113.45,8632740254,24,8632772149,679927701.0,116.24,112.92,-0.07670491235755605,-0.06757,18612764.0,0.21607,76123483.23347135,76123764.48347135,84000000.0,410.26,-72.34487,2021-05-10T03:13:07.904Z,1.15,9775.84454,2015-01-14T00:00:00.000Z,,2025-07-28T12:55:59.895Z
24,the-open-network,ton,Toncoin,https://coin-images.coingecko.com/coins/images/17980/large/photo_2024-09-10_17.09.00.jpeg?1725963446,3.39,8361114444,25,17381217859,171779948.0,3.44,3.33,0.04074854,1.21806,138859373.0,1.68882,2470827392.386005,5136395332.092837,,8.25,-58.91105,2024-06-15T00:36:51.509Z,0.519364,552.97589,2021-09-21T00:33:11.092Z,,2025-07-28T12:55:54.948Z
25,shiba-inu,shib,Shiba Inu,https://coin-images.coingecko.com/coins/images/11939/large/shiba.png?1696511800,1.413e-05,8326492950,26,8330093129,192895468.0,1.435e-05,1.393e-05,1.01614e-07,0.7243,61564580.0,0.74489,589246848347752.5,589501624778555.1,,8.616e-05,-83.54112,2021-10-28T03:54:55.568Z,5.6366e-11,25158104.48593,2020-11-28T11:26:25.838Z,,2025-07-28T12:55:54.578Z
26,leo-token,leo,LEO Token,https://coin-images.coingecko.com/coins/images/8418/large/leo-token.png?1696508607,8.96,8271916317,27,8829303377,2901533.0,8.99,8.94,-0.012394137329552635,-0.13811,-11309635.27468872,-0.13654,923042099.9,985239504.0,,10.14,-11.58196,2025-03-10T09:26:43.294Z,0.799859,1020.35538,2019-12-24T15:14:35.376Z,,2025-07-28T12:55:59.503Z
27,usds,usds,USDS,https://coin-images.coingecko.com/coins/images/39926/large/usds.webp?1726666683,0.999626,7588486345,28,7576329436,4789052.0,0.999965,0.999338,-0.000232395915734318,-0.02324,-79777815.38428974,-1.04036,7591665717.464318,7579503715.352147,,1.057,-5.45863,2024-10-29T05:40:51.197Z,0.948265,5.41428,2024-10-03T13:19:28.826Z,,2025-07-28T12:55:55.065Z
28,ethena-usde,usde,Ethena USDe,https://coin-images.coingecko.com/coins/images/33613/large/usde.png?1733810059,1.001,7562638030,29,7562913346,272780734.0,1.002,1.0,-0.000756215544612582,-0.07551,96855292.0,1.29732,7557557737.840485,7557832869.016405,,1.032,-3.03128,2023-12-20T15:38:34.596Z,0.929486,7.67207,2024-10-04T07:57:15.809Z,,2025-07-28T12:55:58.590Z
29,binance-bridged-usdt-bnb-smart-chain,bsc-usd,Binance Bridged USDT (BNB Smart Chain),https://coin-images.coingecko.com/coins/images/35021/large/USDT.png?1707233575,1.0,6785086886,30,6785086886,2728466618.0,1.005,0.995447,1.88e-05,0.00188,-2530260.789205551,-0.03728,6784993699.453935,6784993699.453935,,1.05,-4.75236,2024-08-05T14:21:42.527Z,0.942186,6.14287,2024-12-05T22:30:39.827Z,,2025-07-28T12:55:57.607Z
30,uniswap,uni,Uniswap,https://coin-images.coingecko.com/coins/images/12504/large/uniswap-logo.png?1720676669,10.93,6563153386,31,10929789154,438661878.0,11.16,10.63,0.179692,1.67159,123921250.0,1.92447,600483073.71,1000000000.0,1000000000.0,44.92,-75.59747,2021-05-03T05:25:04.822Z,1.03,964.01229,2020-09-17T01:20:38.214Z,,2025-07-28T12:55:56.416Z
31,whitebit,wbt,WhiteBIT Coin,https://coin-images.coingecko.com/coins/images/27045/large/wbt_token.png?1696526096,44.68,6439953518,32,14446996692,33466970.0,45.04,44.14,0.378331,0.85402,58981438.0,0.92433,144118517.10815412,323306641.0,400000000.0,52.27,-14.46349,2025-06-16T09:30:18.527Z,3.06,1360.25666,2023-02-13T19:01:21.899Z,,2025-07-28T12:55:55.145Z
32,polkadot,dot,Polkadot,https://coin-images.coingecko.com/coins/images/12171/large/polkadot.png?1696512008,4.22,6417954916,33,6417954916,274635657.0,4.3,4.15,0.04921457,1.18109,84668519.0,1.33688,1522267060.0,1522267060.0,,54.98,-92.306,2021-11-04T14:10:09.301Z,2.7,56.82296,2020-08-20T05:48:11.359Z,,2025-07-28T12:55:53.449Z
33,coinbase-wrapped-btc,cbbtc,Coinbase Wrapped BTC,https://coin-images.coingecko.com/coins/images/40143/large/cbbtc.webp?1726136727,118994.0,6343596475,34,6343596475,359753115.0,119856.0,118025.0,968.4,0.8205,133387064.0,2.14787,53307.20040135,53307.20040135,,123036.0,-3.33244,2025-07-14T07:45:54.294Z,57439.0,107.06535,2024-09-12T14:07:41.775Z,,2025-07-28T12:55:57.699Z
34,monero,xmr,Monero,https://coin-images.coingecko.com/coins/images/69/large/monero_logo.png?1696501460,325.59,6004624566,35,6004624566,130735251.0,331.07,321.38,0.592711,0.18237,6273863.0,0.10459,18446744.07370955,18446744.07370955,,542.33,-39.99456,2018-01-09T00:00:00.000Z,0.216177,150436.52475,2015-01-14T00:00:00.000Z,,2025-07-28T12:55:52.479Z
35,pepe,pepe,Pepe,https://coin-images.coingecko.com/coins/images/29850/large/pepe-token.jpeg?1696528776,1.296e-05,5452783185,36,5452783185,1751995533.0,1.31e-05,1.258e-05,2.75799e-07,2.17464,119221056.0,2.2353,420690000000000.0,420690000000000.0,420690000000000.0,2.803e-05,-53.70998,2024-12-09T16:30:35.828Z,5.5142e-08,23428.63486,2023-04-18T02:14:41.591Z,,2025-07-28T12:55:53.229Z
36,bitget-token,bgb,Bitget Token,https://coin-images.coingecko.com/coins/images/11610/large/Bitget_logo.png?1736925727,4.7,5353343205,37,5353343205,248458529.0,4.74,4.58,0.092743,2.01347,102402215.0,1.95017,1139992036.1,1139992036.1,2000000000.0,8.45,-44.34541,2024-12-27T11:41:24.992Z,0.0142795,32835.27225,2020-06-25T04:17:05.895Z,,2025-07-28T12:55:56.596Z
37,crypto-com-chain,cro,Cronos,https://coin-images.coingecko.com/coins/images/7310/large/cro_token_logo.png?1696507599,0.145282,4704677095,38,14237045467,48323489.0,0.148477,0.137874,0.00674512,4.86882,224372933.0,5.00798,32343798320.28378,97877095055.74594,100000000000.0,0.965407,-84.86101,2021-11-24T15:53:54.855Z,0.0121196,1105.92202,2019-02-08T00:00:00.000Z,,2025-07-28T12:55:57.889Z
38,aave,aave,Aave,https://coin-images.coingecko.com/coins/images/12645/large/aave-token-round.png?1720472354,303.45,4612861564,39,4855276968,434247151.0,308.66,295.27,6.86,2.31311,106033256.0,2.35272,15201148.258758118,16000000.0,16000000.0,661.69,-54.09298,2021-05-18T21:19:59.514Z,26.02,1067.2768,2020-11-05T09:20:11.928Z,,2025-07-28T12:55:56.161Z
39,ethena-staked-usde,susde,Ethena Staked USDe,https://coin-images.coingecko.com/coins/images/33669/large/sUSDe-Symbol-Color.png?1716307680,1.18,4337469254,40,4337586105,60789928.0,1.19,1.18,-0.000976284080584033,-0.08232,-1899375.3187379837,-0.04377,3660582218.68621,3660680834.782581,,1.29,-8.20019,2025-01-29T17:52:32.991Z,1.012,17.06968,2024-04-03T14:23:03.162Z,,2025-07-28T12:55:58.465Z
40,ethena,ena,Ethena,https://coin-images.coingecko.com/coins/images/36530/large/ethena.png?1711701436,0.680197,4325527711,41,10210244905,1812026263.0,0.69511,0.61869,0.058412,9.39427,367280104.0,9.27886,6354687500.0,15000000000.0,,1.52,-55.19217,2024-04-11T13:15:15.057Z,0.195078,248.6038,2024-09-06T21:04:48.253Z,,2025-07-28T12:55:58.124Z
41,bittensor,tao,Bittensor,https://coin-images.coingecko.com/coins/images/28452/large/ARUsPeNQ_400x400.jpeg?1696527447,431.05,4102860261,42,9057747457,121200596.0,437.69,425.3,0.164385,0.03815,19242697.0,0.47122,9512306.0,21000000.0,21000000.0,757.6,-42.92287,2024-03-07T18:45:36.466Z,30.83,1302.59342,2023-05-14T08:57:53.732Z,,2025-07-28T12:55:56.941Z
42,dai,dai,Dai,https://coin-images.coingecko.com/coins/images/9956/large/Badge_Dai.png?1696509996,0.999777,3777068369,43,3777068369,92522865.0,1.0,0.999594,5.306e-05,0.00531,4551815.0,0.12066,3777840956.408719,3777840956.408719,,1.22,-17.9764,2020-03-13T03:02:50.373Z,0.88196,13.36239,2023-03-11T07:50:50.514Z,,2025-07-28T12:55:57.873Z
43,near,near,NEAR Protocol,https://coin-images.coingecko.com/coins/images/10365/large/near.jpg?1696510367,2.95,3652402930,44,3721076878,258772468.0,3.01,2.89,0.0367498,1.26282,53575074.0,1.48868,1239413349.0,1262717297.0,,20.44,-85.53453,2022-01-16T22:09:45.873Z,0.526762,461.25299,2020-11-04T16:09:15.137Z,,2025-07-28T12:55:52.501Z
44,ethereum-classic,etc,Ethereum Classic,https://coin-images.coingecko.com/coins/images/453/large/ethereum-classic-logo.png?1696501717,22.87,3502238049,45,3502501651,338706604.0,23.68,22.75,-0.043996876778777505,-0.192,3103879.0,0.0887,152876673.3529662,152888179.9132257,210700000.0,167.09,-86.27822,2021-05-06T18:34:22.133Z,0.615038,3627.75213,2016-07-25T00:00:00.000Z,"{'times': 49.82472205498129, 'currency': 'usd', 'percentage': 4982.4722054981285}",2025-07-28T12:55:58.352Z
45,pi-network,pi,Pi Network,https://coin-images.coingecko.com/coins/images/54342/large/pi_network.jpg?1739347576,0.447281,3460576335,46,5323963592,104304950.0,0.469669,0.441536,0.00449235,1.01456,33005594.0,0.96294,7741419861.722682,11909876710.34258,100000000000.0,2.99,-85.02436,2025-02-26T16:41:03.732Z,0.406999,9.92999,2025-04-05T04:50:37.033Z,,2025-07-28T12:55:53.326Z
46,ondo-finance,ondo,Ondo,https://coin-images.coingecko.com/coins/images/26580/large/ONDO.png?1696525656,1.051,3323948292,47,10521795353,220455836.0,1.081,1.039,0.00608777,0.58235,27123414.0,0.82271,3159107529.0,10000000000.0,10000000000.0,2.14,-50.70874,2024-12-16T00:36:00.777Z,0.082171,1183.79866,2024-01-18T12:14:30.524Z,,2025-07-28T12:55:53.114Z
47,internet-computer,icp,Internet Computer,https://coin-images.coingecko.com/coins/images/14495/large/Internet_Computer_logo.png?1696514180,5.85,3139680339,48,3139680392,81630009.0,5.99,5.68,0.149604,2.62294,97093428.0,3.19115,536144434.569223,536144443.6167733,,700.65,-99.16138,2021-05-10T16:05:53.653Z,2.87,105.08647,2023-09-22T00:29:57.369Z,,2025-07-28T12:55:59.373Z
48,aptos,apt,Aptos,https://coin-images.coingecko.com/coins/images/26455/large/aptos_round.png?1696525528,4.91,3124581439,49,5564480828,196224229.0,4.97,4.8,0.078603,1.62624,67827059.0,2.21892,636201007.0834403,1132992810.885241,,19.92,-75.31384,2023-01-26T14:25:17.390Z,3.08,59.67232,2022-12-29T21:35:14.796Z,,2025-07-28T12:55:58.235Z
49,jito-staked-sol,jitosol,Jito Staked SOL,https://coin-images.coingecko.com/coins/images/28046/large/JitoSOL-200.png?1696527060,235.31,3082195838,50,3082225500,34806839.0,237.78,225.92,8.26,3.63663,114945244.0,3.8738,13067738.29357674,13067864.05129014,,339.52,-30.70258,2025-01-19T11:21:54.080Z,0.57898,40536.81145,2023-09-12T10:21:17.665Z,,2025-07-28T12:55:59.281Z
50,okb,okb,OKB,https://coin-images.coingecko.com/coins/images/4463/large/WeChat_Image_20220118095654.png?1696505053,49.23,2953744906,51,11615980181,29874078.0,49.99,48.1,1.009,2.09177,63237199.0,2.18775,60000000.0,235957685.3,300000000.0,73.8,-33.30818,2024-03-14T00:30:12.502Z,0.580608,8377.45688,2019-01-14T00:00:00.000Z,,2025-07-28T12:55:52.586Z
51,bonk,bonk,Bonk,https://coin-images.coingecko.com/coins/images/28600/large/bonk.jpg?1696527587,3.641e-05,2802826159,52,3196564589,1102750594.0,3.629e-05,3.282e-05,2.28e-06,6.66734,160655827.0,6.08045,77419592329436.58,88295425146879.3,88295425146879.3,5.825e-05,-37.5979,2024-11-20T04:01:06.465Z,8.6142e-08,42096.76086,2022-12-29T22:48:46.755Z,,2025-07-28T12:55:56.983Z
52,mantle,mnt,Mantle,https://coin-images.coingecko.com/coins/images/30980/large/Mantle-Logo-mark.png?1739213200,0.818849,2754640134,53,5090025623,192582359.0,0.835599,0.817488,-0.006205647530953429,-0.75215,-23422272.775907516,-0.84312,3365794382.836841,6219316794.99,6219316794.99,1.54,-46.53872,2024-04-08T09:45:25.482Z,0.307978,167.10251,2023-10-18T02:50:46.942Z,,2025-07-28T12:55:59.705Z
53,kaspa,kas,Kaspa,https://coin-images.coingecko.com/coins/images/25751/large/kaspa-icon-exchanges.png?1696524837,0.103368,2727573793,54,2742207353,83251975.0,0.106983,0.10338,-0.002886990439537052,-2.71703,-73816242.7201829,-2.63499,26363807936.34678,26505250996.46513,28704026601.0,0.207411,-50.03026,2024-08-01T00:40:47.164Z,0.00017105,60492.22671,2022-05-26T14:42:59.316Z,,2025-07-28T12:55:59.441Z
54,pudgy-penguins,pengu,Pudgy Penguins,https://coin-images.coingecko.com/coins/images/52622/large/PUDGY_PENGUINS_PENGU_PFP.png?1733809110,0.04233777,2661147129,55,3332063639,1211239109.0,0.04536637,0.04183495,5.979e-05,0.14143,4837384.0,0.18211,62860396090.0,78708477960.31435,88888888888.0,0.068447,-38.15706,2024-12-17T13:05:22.873Z,0.00371517,1039.36825,2025-04-09T01:31:57.832Z,,2025-07-28T12:55:53.468Z
55,algorand,algo,Algorand,https://coin-images.coingecko.com/coins/images/4380/large/download.png?1696504978,0.278876,2421321662,56,2421372747,112249028.0,0.287488,0.277822,-0.00048792545474563,-0.17466,-5552449.388991833,-0.22879,8686533072.085352,8686716341.401245,10000000000.0,3.56,-92.14143,2019-06-20T14:51:19.480Z,0.087513,219.78596,2023-09-11T19:42:08.247Z,"{'times': -0.8838015146183926, 'currency': 'usd', 'percentage': -88.38015146183926}",2025-07-28T12:55:56.216Z
56,blackrock-usd-institutional-digital-liquidity-fund,buidl,BlackRock USD Institutional Digital Liquidity Fund,https://coin-images.coingecko.com/coins/images/36291/large/blackrock.png?1711013223,1.0,2413242321,57,2413242321,0.0,1.0,1.0,0.0,0.0,0.0,0.0,2413242320.503854,2413242320.503854,,1.0,0.0,2025-02-12T05:00:10.912Z,1.0,0.0,2025-02-12T05:45:10.196Z,,2025-07-28T12:55:13.411Z
57,arbitrum,arb,Arbitrum,https://coin-images.coingecko.com/coins/images/16547/large/arb.jpg?1721358242,0.467939,2411626344,58,4682551720,406293291.0,0.477379,0.449771,0.01719988,3.81593,93785167.0,4.04623,5150239630.0,10000000000.0,10000000000.0,2.39,-80.32336,2024-01-12T12:29:59.231Z,0.245747,91.38685,2025-04-07T07:01:34.124Z,,2025-07-28T12:55:56.670Z
58,binance-peg-weth,weth,Binance-Peg WETH,https://coin-images.coingecko.com/coins/images/39580/large/weth.png?1723006716,3885.32,2348286165,59,2348286165,100766452.0,3938.18,3801.78,64.39,1.6851,35492594.0,1.53462,604999.999959841,604999.999959841,,4098.26,-5.18893,2024-12-06T20:27:27.286Z,1394.32,178.67411,2025-04-09T01:32:41.942Z,,2025-07-28T12:55:56.811Z
59,render-token,render,Render,https://coin-images.coingecko.com/coins/images/11636/large/rndr.png?1696511529,4.37,2261831497,60,2326265335,81278200.0,4.43,4.25,0.072438,1.68735,41109492.0,1.85118,518128769.0562826,532888942.3362826,644245094.0,13.53,-67.6796,2024-03-17T16:30:24.636Z,0.03665669,11833.61077,2020-06-16T13:22:25.900Z,,2025-07-28T12:55:56.738Z
60,cosmos,atom,Cosmos Hub,https://coin-images.coingecko.com/coins/images/1481/large/cosmos_hub.png?1696502525,4.9,2258039158,61,2258039158,99346456.0,4.93,4.77,0.097728,2.03293,43153638.0,1.94835,460890742.843485,460890742.843485,,44.45,-89.02998,2022-01-17T00:34:41.497Z,1.16,320.3199,2020-03-13T02:27:44.591Z,"{'times': 48.0495233780397, 'currency': 'usd', 'percentage': 4804.95233780397}",2025-07-28T12:55:57.838Z
61,vechain,vet,VeChain,https://coin-images.coingecko.com/coins/images/1167/large/VET.png?1742383283,0.02612217,2247941782,62,2247941782,38535714.0,0.02665405,0.02563779,0.00025968,1.00409,29511221.0,1.33027,85985041177.0,85985041177.0,86712634466.0,0.280991,-90.67307,2021-04-19T01:08:21.675Z,0.00191713,1267.03299,2020-03-13T02:29:59.652Z,"{'times': 1.3558206806121933, 'currency': 'eth', 'percentage': 135.58206806121933}",2025-07-28T12:55:55.158Z
62,usd1-wlfi,usd1,USD1,https://coin-images.coingecko.com/coins/images/54977/large/USD1_1000x1000_transparent.png?1749297002,1.001,2208967513,63,2208967513,435412853.0,1.003,0.99936,-0.000371026831335941,-0.03704,-857876.7034263611,-0.03882,2206622939.071,2206622939.071,,1.025,-2.30617,2025-05-12T12:36:39.412Z,0.989703,1.16082,2025-04-16T00:36:15.580Z,,2025-07-28T12:55:55.576Z
63,worldcoin-wld,wld,Worldcoin,https://coin-images.coingecko.com/coins/images/31069/large/worldcoin.jpeg?1696529903,1.21,2188737044,64,12170733088,274922478.0,1.23,1.17,0.03836483,3.26254,78214411.0,3.70593,1798360894.029286,10000000000.0,10000000000.0,11.74,-89.61216,2024-03-10T00:10:42.330Z,0.583741,108.92767,2025-04-07T07:06:11.379Z,,2025-07-28T12:55:55.445Z
64,gatechain-token,gt,Gate,https://coin-images.coingecko.com/coins/images/8183/large/200X200.png?1735246724,18.28,2183967166,65,5485292521,11381842.0,18.47,17.73,0.444579,2.49264,55098861.0,2.58818,119444887.81900902,300000000.0,,25.94,-29.77651,2025-01-25T03:07:37.823Z,0.25754,6972.90226,2020-03-13T02:18:02.481Z,,2025-07-28T12:55:58.429Z
65,polygon-ecosystem-token,pol,POL (ex-MATIC),https://coin-images.coingecko.com/coins/images/32440/large/polygon.png?1698233684,0.239888,2165360964,66,2512797571,89394512.0,0.244456,0.23682,0.0008408,0.35173,13376086.0,0.62157,9025873552.162342,10474093471.36837,,1.29,-81.31648,2024-03-13T18:55:06.692Z,0.153392,56.82812,2025-04-07T07:06:08.017Z,,2025-07-28T12:55:53.521Z
66,spx6900,spx,SPX6900,https://coin-images.coingecko.com/coins/images/31401/large/centeredcoin_%281%29.png?1737048493,2.25,2096956868,67,2096956868,134136913.0,2.27,2.03,0.227409,11.21623,214929511.0,11.42011,930993086.0063922,930993086.0063922,1000000000.0,2.27,-0.77758,2025-07-28T11:24:33.852Z,0.00131808,170830.4674,2024-02-04T19:12:19.110Z,,2025-07-28T12:55:54.589Z
67,official-trump,trump,Official Trump,https://coin-images.coingecko.com/coins/images/53746/large/trump.png?1737171561,10.29,2059710667,68,10298554722,371875720.0,10.49,10.14,0.125355,1.2328,28210229.0,1.38864,199999973.092266,1000000000.0,1000000000.0,73.43,-85.97309,2025-01-19T11:50:34.806Z,4.29,140.05666,2025-01-18T03:40:29.231Z,,2025-07-28T12:55:52.935Z
68,sky,sky,Sky,https://coin-images.coingecko.com/coins/images/39925/large/sky.jpg?1724827980,0.09666,2055106544,69,2268060335,5250307.0,0.099609,0.095545,0.00091974,0.96067,25430419.0,1.25293,21259697517.66331,23462665147.36596,,0.100535,-3.76221,2024-12-04T10:13:57.264Z,0.03582727,170.05375,2025-02-03T05:01:48.626Z,,2025-07-28T12:55:53.717Z
69,fasttoken,ftn,Fasttoken,https://coin-images.coingecko.com/coins/images/28478/large/lightenicon_200x200.png?1696527472,4.6,1983507213,70,4003840747,62757118.0,4.6,4.58,-0.004919129295402946,-0.10687,-899787.5811603069,-0.04534,431366783.4,870742437.0,1000000000.0,4.61,-0.4695,2025-07-27T09:55:16.106Z,0.398142,1051.78938,2023-01-21T10:15:39.503Z,,2025-07-28T12:55:58.122Z
70,sei-network,sei,Sei,https://coin-images.coingecko.com/coins/images/28205/large/Sei_Logo_-_Transparent.png?1696527207,0.34206,1978173404,71,3421376567,161477419.0,0.353521,0.339379,-0.002439258027303992,-0.70806,-10405615.493581533,-0.52327,5781805555.0,10000000000.0,,1.14,-69.85219,2024-03-16T02:30:23.904Z,0.095364,260.30464,2023-10-19T08:05:30.655Z,,2025-07-28T12:55:53.870Z
71,fetch-ai,fet,Artificial Superintelligence Alliance,https://coin-images.coingecko.com/coins/images/5681/large/ASI.png?1719827289,0.758902,1977476659,72,2060626697,162258969.0,0.782243,0.731249,0.02136975,2.89747,56279453.0,2.92939,2604959126.672,2714493896.672,2714493896.672,3.45,-77.91047,2024-03-28T17:21:18.050Z,0.00816959,9239.572,2020-03-13T02:24:18.347Z,"{'times': 7.753196518641316, 'currency': 'usd', 'percentage': 775.3196518641316}",2025-07-28T12:55:58.647Z
72,binance-staked-sol,bnsol,Binance Staked SOL,https://coin-images.coingecko.com/coins/images/40132/large/bnsol.png?1725968367,205.29,1918801129,73,1918801129,7399852.0,206.74,197.38,7.31,3.69458,64336292.0,3.46926,9366877.043702587,9366877.043702587,,297.96,-31.15952,2025-01-19T11:30:53.744Z,100.21,104.68351,2025-04-07T06:56:20.488Z,,2025-07-28T12:55:56.525Z
73,filecoin,fil,Filecoin,https://coin-images.coingecko.com/coins/images/12817/large/filecoin.png?1696512609,2.76,1887885152,74,5413397657,183087733.0,2.8,2.68,0.064669,2.39654,47920451.0,2.60442,683251554.0,1959182929.0,1959182929.0,236.84,-98.83063,2021-04-01T13:29:41.564Z,1.98,39.53542,2025-06-22T20:30:12.846Z,,2025-07-28T12:55:58.342Z
74,quant-network,qnt,Quant,https://coin-images.coingecko.com/coins/images/3370/large/5ZOu7brX_400x400.jpg?1696504070,128.24,1866663136,75,1875431217,29951685.0,132.77,126.49,1.061,0.83435,17273759.0,0.93403,14544176.164091088,14612493.0,14612493.0,427.42,-69.89954,2021-09-11T09:15:00.668Z,0.215773,59525.58817,2018-08-23T00:00:00.000Z,"{'times': 13.208637176227073, 'currency': 'eth', 'percentage': 1320.8637176227073}",2025-07-28T12:55:53.460Z
75,jupiter-exchange-solana,jup,Jupiter,https://coin-images.coingecko.com/coins/images/34188/large/jup.png?1704266489,0.606813,1829469549,76,4261458244,139563713.0,0.621295,0.569019,0.0240082,4.11943,87158575.0,5.00247,3004799999.98,6999203534.573399,10000000000.0,2.0,-69.50754,2024-01-31T15:02:47.304Z,0.306358,99.06548,2025-04-07T06:56:22.719Z,,2025-07-28T12:55:59.549Z
76,rocket-pool-eth,reth,Rocket Pool ETH,https://coin-images.coingecko.com/coins/images/20764/large/reth.png?1696520159,4415.27,1827292044,77,1827289198,9326622.0,4497.19,4334.42,57.87,1.32815,25117161.0,1.39371,413423.3169000778,413422.6730660945,,4814.31,-8.11555,2021-12-01T08:03:50.749Z,887.26,398.56694,2022-06-18T20:55:45.957Z,,2025-07-28T12:55:53.668Z
77,kelp-dao-restaked-eth,rseth,Kelp DAO Restaked ETH,https://coin-images.coingecko.com/coins/images/33800/large/Icon___Dark.png?1702991855,4065.92,1731866158,78,1731866158,2088961.0,4130.82,3991.88,55.83,1.39232,28876934.0,1.69566,425043.3020467116,425043.3020467116,,4216.2,-3.32222,2024-12-06T20:31:16.142Z,1459.69,179.24617,2025-04-09T01:45:22.546Z,,2025-07-28T12:55:59.205Z
78,flare-networks,flr,Flare,https://coin-images.coingecko.com/coins/images/28624/large/FLR-icon200x200.png?1696527609,0.02478485,1728335595,79,2570783633,16119655.0,0.02525825,0.02428809,0.00049048,2.01888,36395385.0,2.1511,69740281730.4287,103734005898.708,,0.150073,-83.49192,2023-01-10T03:14:05.921Z,0.00827405,199.41999,2023-10-19T03:35:41.663Z,,2025-07-28T12:55:58.483Z
79,lombard-staked-btc,lbtc,Lombard Staked BTC,https://coin-images.coingecko.com/coins/images/39969/large/LBTC_Logo.png?1724959872,119504.0,1707944764,80,1707944764,5178741.0,119805.0,117372.0,2132.16,1.81658,20756284.0,1.23023,14287.73461013004,14287.73461013004,,123777.0,-3.93691,2025-07-14T08:10:46.456Z,52119.0,128.13866,2024-09-06T21:01:52.094Z,,2025-07-28T12:55:59.672Z
80,jupiter-perpetuals-liquidity-provider-token,jlp,Jupiter Perpetuals Liquidity Provider Token,https://coin-images.coingecko.com/coins/images/33094/large/jlp.png?1700631386,5.16,1662221642,81,1662691146,41948979.0,5.18,5.08,0.066159,1.29857,47306132.0,2.92933,321971424.400694,322062367.040022,,5.26,-1.9376,2025-07-22T23:55:01.224Z,0.146839,3415.86801,2023-11-24T05:55:06.706Z,,2025-07-28T12:55:59.398Z
81,story-2,ip,Story,https://coin-images.coingecko.com/coins/images/54035/large/Transparent_bg.png?1738075331,5.61,1655974486,82,5672475331,65139876.0,6.0,5.38,0.149387,2.73386,45350069.0,2.81568,294888212.35,1010127948.22,,7.31,-23.2241,2025-02-26T16:11:25.410Z,1.0,461.338,2025-02-14T03:11:08.309Z,,2025-07-28T12:55:58.843Z
82,susds,susds,sUSDS,https://coin-images.coingecko.com/coins/images/52721/large/sUSDS_Coin.png?1734086971,1.061,1644681653,83,1644681653,21948246.0,1.061,1.061,9.109e-05,0.00859,-6288820.530263424,-0.38092,1550572425.361926,1550572425.361926,,1.088,-2.50242,2025-02-03T02:31:35.208Z,0.961716,10.2914,2025-01-04T01:21:08.460Z,,2025-07-28T12:55:54.258Z
83,injective-protocol,inj,Injective,https://coin-images.coingecko.com/coins/images/12882/large/Other_200x200.png?1738782212,15.83,1546589612,84,1582557661,176051085.0,16.3,15.11,0.523333,3.41837,54243673.0,3.63479,97727220.33,100000000.0,,52.62,-69.75962,2024-03-14T15:06:22.124Z,0.657401,2320.54588,2020-11-03T16:19:30.576Z,,2025-07-28T12:55:59.381Z
84,xdce-crowd-sale,xdc,XDC Network,https://coin-images.coingecko.com/coins/images/2912/large/xdc-icon.png?1696503661,0.091697,1487446775,85,3484991935,46410723.0,0.092806,0.088314,0.00197722,2.20379,32100891.0,2.20572,16222663232.2,38008654491.9,,0.192754,-52.25528,2021-08-21T04:39:48.324Z,0.00039532,23179.96798,2019-07-22T00:00:00.000Z,"{'times': 2.1419609273238365, 'currency': 'eth', 'percentage': 214.19609273238365}",2025-07-28T12:55:55.356Z
85,celestia,tia,Celestia,https://coin-images.coingecko.com/coins/images/31967/large/tia.jpg?1696530772,2.04,1482868680,86,2324962865,137919753.0,2.11,1.98,0.053487,2.68825,41891200.0,2.90714,725790228.67046,1137953315.068096,,20.85,-90.17631,2024-02-10T14:30:02.495Z,1.32,54.71647,2025-06-22T20:21:50.444Z,,2025-07-28T12:55:57.376Z
86,kucoin-shares,kcs,KuCoin,https://coin-images.coingecko.com/coins/images/1047/large/sa9z79.png?1696502152,11.55,1471515498,87,1644741032,4669021.0,11.68,11.47,0.01974524,0.17127,3904062.0,0.26601,127421933.7355671,142421933.7355671,,28.83,-59.87159,2021-12-01T15:09:35.541Z,0.342863,3274.22603,2019-02-07T00:00:00.000Z,,2025-07-28T12:55:59.315Z
87,stakewise-v3-oseth,oseth,StakeWise Staked ETH,https://coin-images.coingecko.com/coins/images/33117/large/Frame_27513839.png?1700732599,4075.78,1462717999,88,1462717999,1232836.0,4124.74,4004.48,50.75,1.2609,19097520.0,1.32289,358880.6839472,358880.6839472,,4228.59,-3.34635,2024-12-06T20:32:35.136Z,1459.73,179.98932,2025-04-09T01:32:44.161Z,,2025-07-28T12:55:53.883Z
88,usdtb,usdtb,USDtb,https://coin-images.coingecko.com/coins/images/52804/large/USDtbSmall.png?1734344946,0.999709,1446086528,89,1446086528,7609820.0,1.0,0.999322,-0.000302199362379296,-0.03022,-4873874.208040476,-0.33591,1446527232.630724,1446527232.630724,,1.018,-1.77722,2024-12-20T13:43:38.196Z,0.900502,10.99387,2025-07-17T08:05:52.672Z,,2025-07-28T12:55:54.865Z
89,mantle-staked-ether,meth,Mantle Staked Ether,https://coin-images.coingecko.com/coins/images/33345/large/symbol_transparent_bg.png?1701697066,4147.92,1433924293,90,1433924293,2572491.0,4208.32,4068.38,59.71,1.46045,18068203.0,1.27613,345347.2145386791,345347.2145386791,,4729.53,-12.08345,2024-03-27T05:26:27.333Z,1485.62,179.88557,2025-04-09T01:32:38.082Z,,2025-07-28T12:55:59.793Z
90,optimism,op,Optimism,https://coin-images.coingecko.com/coins/images/25244/large/Optimism.png?1696524385,0.812851,1424290544,91,3491226643,1147764541.0,0.860711,0.723287,0.084257,11.56428,157536922.0,12.43627,1752186819.0,4294967296.0,4294967296.0,4.84,-83.16723,2024-03-06T08:35:50.817Z,0.402159,102.76342,2022-06-18T20:54:52.178Z,,2025-07-28T12:55:53.081Z
91,liquid-staked-ethereum,lseth,Liquid Staked ETH,https://coin-images.coingecko.com/coins/images/28848/large/LsETH-receipt-token-circle.png?1696527824,4192.12,1414908088,92,1414918898,746181.0,4253.22,4102.57,58.34,1.41127,20608047.0,1.47802,337066.3568485066,337068.9319568649,,4332.67,-3.09612,2024-12-06T20:27:20.677Z,1384.61,203.22841,2023-03-10T11:26:12.210Z,,2025-07-28T12:55:59.406Z
92,curve-dao-token,crv,Curve DAO,https://coin-images.coingecko.com/coins/images/12124/large/Curve.png?1696511967,1.012,1395305089,93,2315351972,382479739.0,1.071,1.005,-0.052192423730204496,-4.90491,-70443861.18108892,-4.806,1378924046.0,2288169472.958233,3030303031.0,15.37,-93.41268,2020-08-14T00:00:00.000Z,0.180354,461.45545,2024-08-05T11:41:26.119Z,,2025-07-28T12:55:57.952Z
93,fartcoin,fartcoin,Fartcoin,https://coin-images.coingecko.com/coins/images/50891/large/fart.jpg?1729503972,1.38,1379195120,94,1379195120,276852832.0,1.42,1.31,0.04746343,3.56509,50575718.0,3.80664,999983299.36393,999983299.36393,1000000000.0,2.48,-44.08139,2025-01-19T20:41:07.782Z,0.02002855,6820.87587,2024-10-30T07:56:04.381Z,,2025-07-28T12:55:58.713Z
94,first-digital-usd,fdusd,First Digital USD,https://coin-images.coingecko.com/coins/images/31079/large/FDUSD_icon_black.png?1731097953,0.997939,1371814173,95,1371814173,5951222114.0,1.005,0.992545,-0.00054252719782899,-0.05434,9437150.0,0.6927,1373877325.196422,1373877325.196422,,1.15,-13.27162,2025-02-03T02:30:49.959Z,0.940377,6.18421,2024-12-05T22:30:51.394Z,,2025-07-28T12:55:58.744Z
95,usdt0,usdt0,USDT0,https://coin-images.coingecko.com/coins/images/53705/large/usdt0.jpg?1737086183,0.998523,1363264328,96,185913986532,304474546.0,1.002,0.997997,-0.001363882356746782,-0.1364,-7425606.320887089,-0.54174,1362655291.828991,185908380867.6846,,1.052,-4.96968,2025-01-23T22:34:53.341Z,0.975737,2.46151,2025-02-28T01:35:58.101Z,,2025-07-28T12:55:56.857Z
96,blockstack,stx,Stacks,https://coin-images.coingecko.com/coins/images/2069/large/Stacks_Logo_png.png?1709979332,0.84448,1340243787,97,1340243787,43190060.0,0.86943,0.817024,0.02745595,3.36048,53435781.0,4.15258,1587519432.29655,1587519432.29655,,3.86,-78.0887,2024-04-01T12:34:58.342Z,0.04559639,1756.99629,2020-03-13T02:29:26.415Z,"{'times': 6.0373362557148615, 'currency': 'usd', 'percentage': 603.7336255714862}",2025-07-28T12:55:56.997Z
97,nexo,nexo,NEXO,https://coin-images.coingecko.com/coins/images/3695/large/CG-nexo-token-200x200_2x.png?1730414360,1.32,1317884635,98,1317884635,15462228.0,1.33,1.31,0.00936604,0.71613,10195268.0,0.77964,1000000000.0,1000000000.0,1000000000.0,4.07,-67.57059,2021-05-12T14:37:47.535Z,0.04515276,2821.67893,2018-09-13T00:00:00.000Z,"{'times': 12.17241436981425, 'currency': 'usd', 'percentage': 1217.241436981425}",2025-07-28T12:55:52.530Z
98,renzo-restaked-eth,ezeth,Renzo Restaked ETH,https://coin-images.coingecko.com/coins/images/34753/large/Ezeth_logo_circle.png?1713496404,4074.9,1293416187,99,1293416187,2036236.0,4137.24,3998.46,56.96,1.41754,14937755.0,1.1684,316940.9095933136,316940.9095933136,,4207.05,-2.95388,2024-12-06T20:30:39.115Z,1454.43,180.71309,2025-04-09T01:30:57.856Z,,2025-07-28T12:55:53.598Z
99,floki,floki,FLOKI,https://coin-images.coingecko.com/coins/images/16746/large/PNG_image.png?1696516318,0.00013122,1267780514,100,1312190381,203462468.0,0.0001339,0.00012923,1.07e-06,0.82575,13550068.0,1.08035,9661559269361.0,10000000000000.0,10000000000000.0,0.00034495,-61.71112,2024-06-05T07:25:59.137Z,8.428e-08,156612.80961,2021-07-06T01:11:20.438Z,,2025-07-28T12:55:58.546Z
